{ 
	"list":	[
		{
			"name": "bootstrap",
			"id": 0,
			"src": "http://www.bootcss.com/",
			"description": "简洁、直观、强悍的前端开发框架，让web开发更迅速、简单。"
		},
		{
			"name": "BootCDN",
			"id": 1,
			"src": "http://www.bootcdn.cn/",
			"description": "稳定、快速、免费的开源项目 CDN 服务。"
		},
		{
			"name": "jQuery",
			"id": 2,
			"src": "http://www.jquery123.com/",
			"description": "jQuery 是一个高效、精简并且功能丰富的 JavaScript 工具库。"
		},
		{
			"name": "jQuery Plugin",
			"id": 3,
			"src": "http://www.cnblogs.com/Wayou/p/jquery_plugin_tutorial.html",
			"description": "jQuery插件开发精品教程，让你的jQuery提升一个台阶。"
		},
		{
			"name": "angular.js",
			"id": 4,
			"src": "http://docs.angularjs.cn/api",
			"description": "AngularJS有着诸多特性，最为核心的是：MVVM、模块化、自动化双向数据绑定、语义化标签、依赖注入等等。"
		},
		{
			"name": "AngularStrap",
			"id": 5,
			"src": "http://mgcrea.github.io/angular-strap/#",
			"description": "AngularJS 1.2+ native directives for Twitter Bootstrap 3"
		},
		{
			"name": "nodejs",
			"id": 6,
			"src": "http://nodeapi.ucdok.com/#/api/",
			"description": "Node.js是一个基于Chrome JavaScript运行时建立的平台， 用于方便地搭建响应速度快、易于扩展的网络应用。"
		},
		{
			"name": "cnodejs",
			"id": 7,
			"src": "https://cnodejs.org/",
			"description": "Node.js是一个基于Chrome JavaScript运行时建立的平台， 用于方便地搭建响应速度快、易于扩展的网络应用。"
		},
		{
			"name": "CSS Handbook",
			"id": 8,
			"src": "http://css.doyoe.com/",
			"description": "紫色 链接表示该属性在CSS3有修改或者增加了新的属性值；橙色 链接表示该属性是CSS3新增属性。"
		},
		{
			"name": "CSS Beautify",
			"id": 9,
			"src": "http://tool.lu/css/",
			"description": "CSS在线美化、优化、加密、解密、压缩、解压、整理、格式化。"
		},
		{
			"name": "JSON Format",
			"id": 10,
			"src": "http://www.kjson.com/",
			"description": "JSON在线工具 - 在线JSON校验格式化工具(K JSON)。"
		},
		{
			"name": "QR Code",
			"id": 11,
			"src": "http://www.liantu.com/",
			"description": "在线二维码生成器提供免费的在线二维码生成服务，可以把wifi网络、电话号码、网址等信息生成对应的二维码图片。"
		},
		{
			"name": "bing",
			"id": 12,
			"src": "http://www.bing.com/translator/",
			"description": "Bing helps you turn information into action, making it faster and easier to go from searching to doing."
		},
		{
			"name": "codepen",
			"id": 13,
			"src": "http://codepen.io/",
			"description": "Front End Developer Playground &amp; Code Editor in the Browser"
		},
		{
			"name": "hammer.js",
			"id": 14,
			"src": "http://hammerjs.github.io/",
			"description": "Add multi-touch gestures to your webpage"
		},
		{
			"name": "owl-carousel",
			"id": 15,
			"src": "http://www.owlgraphic.com/owlcarousel/",
			"description": "jQuery Responsive Carousel - Owl Carusel"
		},
		{
			"name": "TmodJS",
			"id": 16,
			"src": "https://github.com/aui/tmodjs",
			"description": "TmodJS（原名 atc）是一个简单易用的前端模板预编译工具。"
		},
		{
			"name": "artTemplate",
			"id": 17,
			"src": "https://github.com/aui/artTemplate",
			"description": "新一代 javascript 模板引擎。"
		},
		{
			"name": "Font Awesome",
			"id": 18,
			"src": "http://fontawesome.io/",
			"description": "Font Awesome, the iconic font and CSS framework"
		},
		{
			"name": "Iconfont",
			"id": 19,
			"src": "http://www.iconfont.cn/",
			"description": "Iconfont-国内功能很强大且图标内容很丰富的矢量图标库，提供矢量图标下载、在线存储、格式转换等功能。"
		},
		{
			"name": "layer",
			"id": 20,
			"src": "http://layer.layui.com/",
			"description": "layer是一款近年来口碑极佳的web弹层组件，她具备全方位的解决方案，致力于服务各水平段的开发人员。"
		},
		{
			"name": "ui-router",
			"id": 21,
			"src": "http://angular-ui.github.io/ui-router/site/#/api/ui.router",
			"description": "AngularUI Router is a routing framework for AngularJS."
		},
		{
			"name": "angular-gestures",
			"id": 22,
			"src": "https://github.com/wzr1337/angular-gestures",
			"description": "AngularJS directive that adds support for multi touch gestures to your app, based on hammer.js."
		},
		{
			"name": "xunlei VIP",
			"id": 23,
			"src": "http://xunlei.hui.lu/",
			"description": "迅雷会员 VIP，实时更新。"
		},
		{
			"name": "magnetic link",
			"id": 24,
			"src": "http://t.2.m.hui.lu/",
			"description": "种子转磁力链接"
		}
	]
}